{"cameraMode":{"drawMode":0,"name":"Shaded","section":"Shading Mode"},"sceneLighting":false,"audioPlay":false,"sceneViewState":{"showFog":true,"showMaterialUpdate":false,"showSkybox":true,"showFlares":true,"showImageEffects":true,"showParticleSystems":true},"in2DMode":false,"pivot":{"x":1.0595872402191163,"y":0.8411641120910645,"z":-0.6246259212493897},"rotation":{"x":0.10017810016870499,"y":0.8998118042945862,"z":-0.2979982793331146,"w":0.3024899661540985},"size":18.031747817993165,"orthographic":false}