{"cameraMode":{"drawMode":0,"name":"Shaded","section":"Shading Mode"},"sceneLighting":false,"audioPlay":false,"sceneViewState":{"showFog":true,"showMaterialUpdate":false,"showSkybox":true,"showFlares":true,"showImageEffects":true,"showParticleSystems":true},"in2DMode":false,"pivot":{"x":-3.0489702224731447,"y":3.430471420288086,"z":11.878416061401368},"rotation":{"x":-0.032573260366916659,"y":0.9624110460281372,"z":-0.13396812975406648,"w":-0.23400123417377473},"size":13.512849807739258,"orthographic":false}