{"cameraMode":{"drawMode":0,"name":"Shaded","section":"Shading Mode"},"sceneLighting":false,"audioPlay":false,"sceneViewState":{"showFog":true,"showMaterialUpdate":false,"showSkybox":true,"showFlares":true,"showImageEffects":true,"showParticleSystems":true},"in2DMode":false,"pivot":{"x":0.0018797516822814942,"y":0.21266597509384156,"z":0.06112349033355713},"rotation":{"x":-0.007982123643159867,"y":0.5146260857582092,"z":-0.0047908322885632519,"w":-0.8573642373085022},"size":1.040225625038147,"orthographic":false}