{"cameraMode":{"drawMode":0,"name":"Shaded","section":"Shading Mode"},"sceneLighting":false,"audioPlay":false,"sceneViewState":{"showFog":true,"showMaterialUpdate":false,"showSkybox":true,"showFlares":true,"showImageEffects":true,"showParticleSystems":true},"in2DMode":false,"pivot":{"x":-0.19099998474121095,"y":-0.05699998140335083,"z":3.3570001125335695},"rotation":{"x":0.11888615041971207,"y":0.8801013827323914,"z":-0.3017619848251343,"w":0.34673821926116946},"size":0.4206691086292267,"orthographic":false}