{"cameraMode":{"drawMode":0,"name":"Shaded","section":"Shading Mode"},"sceneLighting":false,"audioPlay":false,"sceneViewState":{"showFog":true,"showMaterialUpdate":false,"showSkybox":true,"showFlares":true,"showImageEffects":true,"showParticleSystems":true},"in2DMode":false,"pivot":{"x":-2.1700000762939455,"y":2.218127727508545,"z":-0.35295385122299197},"rotation":{"x":0.06479685753583908,"y":0.8356533646583557,"z":-0.10102570056915283,"w":0.5359838008880615},"size":1.2844740152359009,"orthographic":false}